Precinct_name,Contest_title,candidate_name,Party_Code,total_votes
101,"TRAVIS COUNTY BOND PROPOSITION, TRAVIS COUNTY BOND ELECTION",Against,,129
101,"TRAVIS COUNTY BOND PROPOSITION, TRAVIS COUNTY BOND ELECTION",For,,107
102,"TRAVIS COUNTY BOND PROPOSITION, TRAVIS COUNTY BOND ELECTION",Against,,39
102,"TRAVIS COUNTY BOND PROPOSITION, TRAVIS COUNTY BOND ELECTION",For,,32
103,"TRAVIS COUNTY BOND PROPOSITION, TRAVIS COUNTY BOND ELECTION",Against,,118
103,"TRAVIS COUNTY BOND PROPOSITION, TRAVIS COUNTY BOND ELECTION",For,,103
104,"TRAVIS COUNTY BOND PROPOSITION, TRAVIS COUNTY BOND ELECTION",Against,,70
104,"TRAVIS COUNTY BOND PROPOSITION, TRAVIS COUNTY BOND ELECTION",For,,79
105,"TRAVIS COUNTY BOND PROPOSITION, TRAVIS COUNTY BOND ELECTION",Against,,216
105,"TRAVIS COUNTY BOND PROPOSITION, TRAVIS COUNTY BOND ELECTION",For,,190
106,"TRAVIS COUNTY BOND PROPOSITION, TRAVIS COUNTY BOND ELECTION",Against,,175
106,"TRAVIS COUNTY BOND PROPOSITION, TRAVIS COUNTY BOND ELECTION",For,,93
107,"TRAVIS COUNTY BOND PROPOSITION, TRAVIS COUNTY BOND ELECTION",Against,,40
107,"TRAVIS COUNTY BOND PROPOSITION, TRAVIS COUNTY BOND ELECTION",For,,18
108,"TRAVIS COUNTY BOND PROPOSITION, TRAVIS COUNTY BOND ELECTION",Against,,64
108,"TRAVIS COUNTY BOND PROPOSITION, TRAVIS COUNTY BOND ELECTION",For,,67
109,"TRAVIS COUNTY BOND PROPOSITION, TRAVIS COUNTY BOND ELECTION",Against,,139
109,"TRAVIS COUNTY BOND PROPOSITION, TRAVIS COUNTY BOND ELECTION",For,,90
110,"TRAVIS COUNTY BOND PROPOSITION, TRAVIS COUNTY BOND ELECTION",Against,,327
110,"TRAVIS COUNTY BOND PROPOSITION, TRAVIS COUNTY BOND ELECTION",For,,237
111,"TRAVIS COUNTY BOND PROPOSITION, TRAVIS COUNTY BOND ELECTION",Against,,182
111,"TRAVIS COUNTY BOND PROPOSITION, TRAVIS COUNTY BOND ELECTION",For,,213
112,"TRAVIS COUNTY BOND PROPOSITION, TRAVIS COUNTY BOND ELECTION",Against,,27
112,"TRAVIS COUNTY BOND PROPOSITION, TRAVIS COUNTY BOND ELECTION",For,,39
113,"TRAVIS COUNTY BOND PROPOSITION, TRAVIS COUNTY BOND ELECTION",Against,,171
113,"TRAVIS COUNTY BOND PROPOSITION, TRAVIS COUNTY BOND ELECTION",For,,153
114,"TRAVIS COUNTY BOND PROPOSITION, TRAVIS COUNTY BOND ELECTION",Against,,20
114,"TRAVIS COUNTY BOND PROPOSITION, TRAVIS COUNTY BOND ELECTION",For,,9
115,"TRAVIS COUNTY BOND PROPOSITION, TRAVIS COUNTY BOND ELECTION",Against,,1
115,"TRAVIS COUNTY BOND PROPOSITION, TRAVIS COUNTY BOND ELECTION",For,,0
116,"TRAVIS COUNTY BOND PROPOSITION, TRAVIS COUNTY BOND ELECTION",Against,,0
116,"TRAVIS COUNTY BOND PROPOSITION, TRAVIS COUNTY BOND ELECTION",For,,0
117,"TRAVIS COUNTY BOND PROPOSITION, TRAVIS COUNTY BOND ELECTION",Against,,61
117,"TRAVIS COUNTY BOND PROPOSITION, TRAVIS COUNTY BOND ELECTION",For,,77
118,"TRAVIS COUNTY BOND PROPOSITION, TRAVIS COUNTY BOND ELECTION",Against,,12
118,"TRAVIS COUNTY BOND PROPOSITION, TRAVIS COUNTY BOND ELECTION",For,,23
119,"TRAVIS COUNTY BOND PROPOSITION, TRAVIS COUNTY BOND ELECTION",Against,,0
119,"TRAVIS COUNTY BOND PROPOSITION, TRAVIS COUNTY BOND ELECTION",For,,0
120,"TRAVIS COUNTY BOND PROPOSITION, TRAVIS COUNTY BOND ELECTION",Against,,10
120,"TRAVIS COUNTY BOND PROPOSITION, TRAVIS COUNTY BOND ELECTION",For,,9
121,"TRAVIS COUNTY BOND PROPOSITION, TRAVIS COUNTY BOND ELECTION",Against,,14
121,"TRAVIS COUNTY BOND PROPOSITION, TRAVIS COUNTY BOND ELECTION",For,,19
122,"TRAVIS COUNTY BOND PROPOSITION, TRAVIS COUNTY BOND ELECTION",Against,,116
122,"TRAVIS COUNTY BOND PROPOSITION, TRAVIS COUNTY BOND ELECTION",For,,120
123,"TRAVIS COUNTY BOND PROPOSITION, TRAVIS COUNTY BOND ELECTION",Against,,322
123,"TRAVIS COUNTY BOND PROPOSITION, TRAVIS COUNTY BOND ELECTION",For,,225
124,"TRAVIS COUNTY BOND PROPOSITION, TRAVIS COUNTY BOND ELECTION",Against,,142
124,"TRAVIS COUNTY BOND PROPOSITION, TRAVIS COUNTY BOND ELECTION",For,,296
125,"TRAVIS COUNTY BOND PROPOSITION, TRAVIS COUNTY BOND ELECTION",Against,,0
125,"TRAVIS COUNTY BOND PROPOSITION, TRAVIS COUNTY BOND ELECTION",For,,1
126,"TRAVIS COUNTY BOND PROPOSITION, TRAVIS COUNTY BOND ELECTION",Against,,143
126,"TRAVIS COUNTY BOND PROPOSITION, TRAVIS COUNTY BOND ELECTION",For,,311
127,"TRAVIS COUNTY BOND PROPOSITION, TRAVIS COUNTY BOND ELECTION",Against,,0
127,"TRAVIS COUNTY BOND PROPOSITION, TRAVIS COUNTY BOND ELECTION",For,,0
128,"TRAVIS COUNTY BOND PROPOSITION, TRAVIS COUNTY BOND ELECTION",Against,,0
128,"TRAVIS COUNTY BOND PROPOSITION, TRAVIS COUNTY BOND ELECTION",For,,0
129,"TRAVIS COUNTY BOND PROPOSITION, TRAVIS COUNTY BOND ELECTION",Against,,76
129,"TRAVIS COUNTY BOND PROPOSITION, TRAVIS COUNTY BOND ELECTION",For,,118
130,"TRAVIS COUNTY BOND PROPOSITION, TRAVIS COUNTY BOND ELECTION",Against,,83
130,"TRAVIS COUNTY BOND PROPOSITION, TRAVIS COUNTY BOND ELECTION",For,,123
131,"TRAVIS COUNTY BOND PROPOSITION, TRAVIS COUNTY BOND ELECTION",Against,,0
131,"TRAVIS COUNTY BOND PROPOSITION, TRAVIS COUNTY BOND ELECTION",For,,0
132,"TRAVIS COUNTY BOND PROPOSITION, TRAVIS COUNTY BOND ELECTION",Against,,131
132,"TRAVIS COUNTY BOND PROPOSITION, TRAVIS COUNTY BOND ELECTION",For,,148
133,"TRAVIS COUNTY BOND PROPOSITION, TRAVIS COUNTY BOND ELECTION",Against,,136
133,"TRAVIS COUNTY BOND PROPOSITION, TRAVIS COUNTY BOND ELECTION",For,,202
134,"TRAVIS COUNTY BOND PROPOSITION, TRAVIS COUNTY BOND ELECTION",Against,,1
134,"TRAVIS COUNTY BOND PROPOSITION, TRAVIS COUNTY BOND ELECTION",For,,0
135,"TRAVIS COUNTY BOND PROPOSITION, TRAVIS COUNTY BOND ELECTION",Against,,240
135,"TRAVIS COUNTY BOND PROPOSITION, TRAVIS COUNTY BOND ELECTION",For,,644
136,"TRAVIS COUNTY BOND PROPOSITION, TRAVIS COUNTY BOND ELECTION",Against,,333
136,"TRAVIS COUNTY BOND PROPOSITION, TRAVIS COUNTY BOND ELECTION",For,,219
137,"TRAVIS COUNTY BOND PROPOSITION, TRAVIS COUNTY BOND ELECTION",Against,,602
137,"TRAVIS COUNTY BOND PROPOSITION, TRAVIS COUNTY BOND ELECTION",For,,374
138,"TRAVIS COUNTY BOND PROPOSITION, TRAVIS COUNTY BOND ELECTION",Against,,0
138,"TRAVIS COUNTY BOND PROPOSITION, TRAVIS COUNTY BOND ELECTION",For,,1
139,"TRAVIS COUNTY BOND PROPOSITION, TRAVIS COUNTY BOND ELECTION",Against,,117
139,"TRAVIS COUNTY BOND PROPOSITION, TRAVIS COUNTY BOND ELECTION",For,,141
140,"TRAVIS COUNTY BOND PROPOSITION, TRAVIS COUNTY BOND ELECTION",Against,,68
140,"TRAVIS COUNTY BOND PROPOSITION, TRAVIS COUNTY BOND ELECTION",For,,76
141,"TRAVIS COUNTY BOND PROPOSITION, TRAVIS COUNTY BOND ELECTION",Against,,14
141,"TRAVIS COUNTY BOND PROPOSITION, TRAVIS COUNTY BOND ELECTION",For,,8
142,"TRAVIS COUNTY BOND PROPOSITION, TRAVIS COUNTY BOND ELECTION",Against,,34
142,"TRAVIS COUNTY BOND PROPOSITION, TRAVIS COUNTY BOND ELECTION",For,,64
145,"TRAVIS COUNTY BOND PROPOSITION, TRAVIS COUNTY BOND ELECTION",Against,,162
145,"TRAVIS COUNTY BOND PROPOSITION, TRAVIS COUNTY BOND ELECTION",For,,107
146,"TRAVIS COUNTY BOND PROPOSITION, TRAVIS COUNTY BOND ELECTION",Against,,284
146,"TRAVIS COUNTY BOND PROPOSITION, TRAVIS COUNTY BOND ELECTION",For,,236
148,"TRAVIS COUNTY BOND PROPOSITION, TRAVIS COUNTY BOND ELECTION",Against,,186
148,"TRAVIS COUNTY BOND PROPOSITION, TRAVIS COUNTY BOND ELECTION",For,,168
149,"TRAVIS COUNTY BOND PROPOSITION, TRAVIS COUNTY BOND ELECTION",Against,,81
149,"TRAVIS COUNTY BOND PROPOSITION, TRAVIS COUNTY BOND ELECTION",For,,118
150,"TRAVIS COUNTY BOND PROPOSITION, TRAVIS COUNTY BOND ELECTION",Against,,322
150,"TRAVIS COUNTY BOND PROPOSITION, TRAVIS COUNTY BOND ELECTION",For,,193
151,"TRAVIS COUNTY BOND PROPOSITION, TRAVIS COUNTY BOND ELECTION",Against,,175
151,"TRAVIS COUNTY BOND PROPOSITION, TRAVIS COUNTY BOND ELECTION",For,,161
152,"TRAVIS COUNTY BOND PROPOSITION, TRAVIS COUNTY BOND ELECTION",Against,,129
152,"TRAVIS COUNTY BOND PROPOSITION, TRAVIS COUNTY BOND ELECTION",For,,442
153,"TRAVIS COUNTY BOND PROPOSITION, TRAVIS COUNTY BOND ELECTION",Against,,201
153,"TRAVIS COUNTY BOND PROPOSITION, TRAVIS COUNTY BOND ELECTION",For,,170
154,"TRAVIS COUNTY BOND PROPOSITION, TRAVIS COUNTY BOND ELECTION",Against,,101
154,"TRAVIS COUNTY BOND PROPOSITION, TRAVIS COUNTY BOND ELECTION",For,,106
156,"TRAVIS COUNTY BOND PROPOSITION, TRAVIS COUNTY BOND ELECTION",Against,,192
156,"TRAVIS COUNTY BOND PROPOSITION, TRAVIS COUNTY BOND ELECTION",For,,299
160,"TRAVIS COUNTY BOND PROPOSITION, TRAVIS COUNTY BOND ELECTION",Against,,85
160,"TRAVIS COUNTY BOND PROPOSITION, TRAVIS COUNTY BOND ELECTION",For,,85
161,"TRAVIS COUNTY BOND PROPOSITION, TRAVIS COUNTY BOND ELECTION",Against,,62
161,"TRAVIS COUNTY BOND PROPOSITION, TRAVIS COUNTY BOND ELECTION",For,,54
163,"TRAVIS COUNTY BOND PROPOSITION, TRAVIS COUNTY BOND ELECTION",Against,,19
163,"TRAVIS COUNTY BOND PROPOSITION, TRAVIS COUNTY BOND ELECTION",For,,12
164,"TRAVIS COUNTY BOND PROPOSITION, TRAVIS COUNTY BOND ELECTION",Against,,36
164,"TRAVIS COUNTY BOND PROPOSITION, TRAVIS COUNTY BOND ELECTION",For,,54
200,"TRAVIS COUNTY BOND PROPOSITION, TRAVIS COUNTY BOND ELECTION",Against,,139
200,"TRAVIS COUNTY BOND PROPOSITION, TRAVIS COUNTY BOND ELECTION",For,,356
202,"TRAVIS COUNTY BOND PROPOSITION, TRAVIS COUNTY BOND ELECTION",Against,,145
202,"TRAVIS COUNTY BOND PROPOSITION, TRAVIS COUNTY BOND ELECTION",For,,264
203,"TRAVIS COUNTY BOND PROPOSITION, TRAVIS COUNTY BOND ELECTION",Against,,35
203,"TRAVIS COUNTY BOND PROPOSITION, TRAVIS COUNTY BOND ELECTION",For,,31
205,"TRAVIS COUNTY BOND PROPOSITION, TRAVIS COUNTY BOND ELECTION",Against,,104
205,"TRAVIS COUNTY BOND PROPOSITION, TRAVIS COUNTY BOND ELECTION",For,,102
206,"TRAVIS COUNTY BOND PROPOSITION, TRAVIS COUNTY BOND ELECTION",Against,,31
206,"TRAVIS COUNTY BOND PROPOSITION, TRAVIS COUNTY BOND ELECTION",For,,57
207,"TRAVIS COUNTY BOND PROPOSITION, TRAVIS COUNTY BOND ELECTION",Against,,231
207,"TRAVIS COUNTY BOND PROPOSITION, TRAVIS COUNTY BOND ELECTION",For,,221
208,"TRAVIS COUNTY BOND PROPOSITION, TRAVIS COUNTY BOND ELECTION",Against,,26
208,"TRAVIS COUNTY BOND PROPOSITION, TRAVIS COUNTY BOND ELECTION",For,,111
209,"TRAVIS COUNTY BOND PROPOSITION, TRAVIS COUNTY BOND ELECTION",Against,,37
209,"TRAVIS COUNTY BOND PROPOSITION, TRAVIS COUNTY BOND ELECTION",For,,45
210,"TRAVIS COUNTY BOND PROPOSITION, TRAVIS COUNTY BOND ELECTION",Against,,186
210,"TRAVIS COUNTY BOND PROPOSITION, TRAVIS COUNTY BOND ELECTION",For,,189
211,"TRAVIS COUNTY BOND PROPOSITION, TRAVIS COUNTY BOND ELECTION",Against,,92
211,"TRAVIS COUNTY BOND PROPOSITION, TRAVIS COUNTY BOND ELECTION",For,,98
212,"TRAVIS COUNTY BOND PROPOSITION, TRAVIS COUNTY BOND ELECTION",Against,,321
212,"TRAVIS COUNTY BOND PROPOSITION, TRAVIS COUNTY BOND ELECTION",For,,237
213,"TRAVIS COUNTY BOND PROPOSITION, TRAVIS COUNTY BOND ELECTION",Against,,0
213,"TRAVIS COUNTY BOND PROPOSITION, TRAVIS COUNTY BOND ELECTION",For,,0
214,"TRAVIS COUNTY BOND PROPOSITION, TRAVIS COUNTY BOND ELECTION",Against,,238
214,"TRAVIS COUNTY BOND PROPOSITION, TRAVIS COUNTY BOND ELECTION",For,,268
215,"TRAVIS COUNTY BOND PROPOSITION, TRAVIS COUNTY BOND ELECTION",Against,,106
215,"TRAVIS COUNTY BOND PROPOSITION, TRAVIS COUNTY BOND ELECTION",For,,105
216,"TRAVIS COUNTY BOND PROPOSITION, TRAVIS COUNTY BOND ELECTION",Against,,22
216,"TRAVIS COUNTY BOND PROPOSITION, TRAVIS COUNTY BOND ELECTION",For,,48
217,"TRAVIS COUNTY BOND PROPOSITION, TRAVIS COUNTY BOND ELECTION",Against,,101
217,"TRAVIS COUNTY BOND PROPOSITION, TRAVIS COUNTY BOND ELECTION",For,,114
218,"TRAVIS COUNTY BOND PROPOSITION, TRAVIS COUNTY BOND ELECTION",Against,,150
218,"TRAVIS COUNTY BOND PROPOSITION, TRAVIS COUNTY BOND ELECTION",For,,177
219,"TRAVIS COUNTY BOND PROPOSITION, TRAVIS COUNTY BOND ELECTION",Against,,172
219,"TRAVIS COUNTY BOND PROPOSITION, TRAVIS COUNTY BOND ELECTION",For,,137
220,"TRAVIS COUNTY BOND PROPOSITION, TRAVIS COUNTY BOND ELECTION",Against,,188
220,"TRAVIS COUNTY BOND PROPOSITION, TRAVIS COUNTY BOND ELECTION",For,,137
221,"TRAVIS COUNTY BOND PROPOSITION, TRAVIS COUNTY BOND ELECTION",Against,,62
221,"TRAVIS COUNTY BOND PROPOSITION, TRAVIS COUNTY BOND ELECTION",For,,29
222,"TRAVIS COUNTY BOND PROPOSITION, TRAVIS COUNTY BOND ELECTION",Against,,140
222,"TRAVIS COUNTY BOND PROPOSITION, TRAVIS COUNTY BOND ELECTION",For,,136
223,"TRAVIS COUNTY BOND PROPOSITION, TRAVIS COUNTY BOND ELECTION",Against,,33
223,"TRAVIS COUNTY BOND PROPOSITION, TRAVIS COUNTY BOND ELECTION",For,,36
224,"TRAVIS COUNTY BOND PROPOSITION, TRAVIS COUNTY BOND ELECTION",Against,,5
224,"TRAVIS COUNTY BOND PROPOSITION, TRAVIS COUNTY BOND ELECTION",For,,6
225,"TRAVIS COUNTY BOND PROPOSITION, TRAVIS COUNTY BOND ELECTION",Against,,126
225,"TRAVIS COUNTY BOND PROPOSITION, TRAVIS COUNTY BOND ELECTION",For,,114
226,"TRAVIS COUNTY BOND PROPOSITION, TRAVIS COUNTY BOND ELECTION",Against,,60
226,"TRAVIS COUNTY BOND PROPOSITION, TRAVIS COUNTY BOND ELECTION",For,,59
227,"TRAVIS COUNTY BOND PROPOSITION, TRAVIS COUNTY BOND ELECTION",Against,,11
227,"TRAVIS COUNTY BOND PROPOSITION, TRAVIS COUNTY BOND ELECTION",For,,13
228,"TRAVIS COUNTY BOND PROPOSITION, TRAVIS COUNTY BOND ELECTION",Against,,120
228,"TRAVIS COUNTY BOND PROPOSITION, TRAVIS COUNTY BOND ELECTION",For,,104
229,"TRAVIS COUNTY BOND PROPOSITION, TRAVIS COUNTY BOND ELECTION",Against,,99
229,"TRAVIS COUNTY BOND PROPOSITION, TRAVIS COUNTY BOND ELECTION",For,,136
231,"TRAVIS COUNTY BOND PROPOSITION, TRAVIS COUNTY BOND ELECTION",Against,,357
231,"TRAVIS COUNTY BOND PROPOSITION, TRAVIS COUNTY BOND ELECTION",For,,275
232,"TRAVIS COUNTY BOND PROPOSITION, TRAVIS COUNTY BOND ELECTION",Against,,392
232,"TRAVIS COUNTY BOND PROPOSITION, TRAVIS COUNTY BOND ELECTION",For,,183
233,"TRAVIS COUNTY BOND PROPOSITION, TRAVIS COUNTY BOND ELECTION",Against,,270
233,"TRAVIS COUNTY BOND PROPOSITION, TRAVIS COUNTY BOND ELECTION",For,,135
234,"TRAVIS COUNTY BOND PROPOSITION, TRAVIS COUNTY BOND ELECTION",Against,,219
234,"TRAVIS COUNTY BOND PROPOSITION, TRAVIS COUNTY BOND ELECTION",For,,82
235,"TRAVIS COUNTY BOND PROPOSITION, TRAVIS COUNTY BOND ELECTION",Against,,88
235,"TRAVIS COUNTY BOND PROPOSITION, TRAVIS COUNTY BOND ELECTION",For,,207
236,"TRAVIS COUNTY BOND PROPOSITION, TRAVIS COUNTY BOND ELECTION",Against,,200
236,"TRAVIS COUNTY BOND PROPOSITION, TRAVIS COUNTY BOND ELECTION",For,,374
237,"TRAVIS COUNTY BOND PROPOSITION, TRAVIS COUNTY BOND ELECTION",Against,,238
237,"TRAVIS COUNTY BOND PROPOSITION, TRAVIS COUNTY BOND ELECTION",For,,264
238,"TRAVIS COUNTY BOND PROPOSITION, TRAVIS COUNTY BOND ELECTION",Against,,211
238,"TRAVIS COUNTY BOND PROPOSITION, TRAVIS COUNTY BOND ELECTION",For,,257
239,"TRAVIS COUNTY BOND PROPOSITION, TRAVIS COUNTY BOND ELECTION",Against,,257
239,"TRAVIS COUNTY BOND PROPOSITION, TRAVIS COUNTY BOND ELECTION",For,,318
240,"TRAVIS COUNTY BOND PROPOSITION, TRAVIS COUNTY BOND ELECTION",Against,,108
240,"TRAVIS COUNTY BOND PROPOSITION, TRAVIS COUNTY BOND ELECTION",For,,99
241,"TRAVIS COUNTY BOND PROPOSITION, TRAVIS COUNTY BOND ELECTION",Against,,110
241,"TRAVIS COUNTY BOND PROPOSITION, TRAVIS COUNTY BOND ELECTION",For,,166
242,"TRAVIS COUNTY BOND PROPOSITION, TRAVIS COUNTY BOND ELECTION",Against,,315
242,"TRAVIS COUNTY BOND PROPOSITION, TRAVIS COUNTY BOND ELECTION",For,,471
243,"TRAVIS COUNTY BOND PROPOSITION, TRAVIS COUNTY BOND ELECTION",Against,,174
243,"TRAVIS COUNTY BOND PROPOSITION, TRAVIS COUNTY BOND ELECTION",For,,209
244,"TRAVIS COUNTY BOND PROPOSITION, TRAVIS COUNTY BOND ELECTION",Against,,287
244,"TRAVIS COUNTY BOND PROPOSITION, TRAVIS COUNTY BOND ELECTION",For,,139
245,"TRAVIS COUNTY BOND PROPOSITION, TRAVIS COUNTY BOND ELECTION",Against,,110
245,"TRAVIS COUNTY BOND PROPOSITION, TRAVIS COUNTY BOND ELECTION",For,,37
246,"TRAVIS COUNTY BOND PROPOSITION, TRAVIS COUNTY BOND ELECTION",Against,,169
246,"TRAVIS COUNTY BOND PROPOSITION, TRAVIS COUNTY BOND ELECTION",For,,187
247,"TRAVIS COUNTY BOND PROPOSITION, TRAVIS COUNTY BOND ELECTION",Against,,98
247,"TRAVIS COUNTY BOND PROPOSITION, TRAVIS COUNTY BOND ELECTION",For,,85
248,"TRAVIS COUNTY BOND PROPOSITION, TRAVIS COUNTY BOND ELECTION",Against,,143
248,"TRAVIS COUNTY BOND PROPOSITION, TRAVIS COUNTY BOND ELECTION",For,,169
249,"TRAVIS COUNTY BOND PROPOSITION, TRAVIS COUNTY BOND ELECTION",Against,,251
249,"TRAVIS COUNTY BOND PROPOSITION, TRAVIS COUNTY BOND ELECTION",For,,279
250,"TRAVIS COUNTY BOND PROPOSITION, TRAVIS COUNTY BOND ELECTION",Against,,306
250,"TRAVIS COUNTY BOND PROPOSITION, TRAVIS COUNTY BOND ELECTION",For,,475
251,"TRAVIS COUNTY BOND PROPOSITION, TRAVIS COUNTY BOND ELECTION",Against,,248
251,"TRAVIS COUNTY BOND PROPOSITION, TRAVIS COUNTY BOND ELECTION",For,,294
252,"TRAVIS COUNTY BOND PROPOSITION, TRAVIS COUNTY BOND ELECTION",Against,,186
252,"TRAVIS COUNTY BOND PROPOSITION, TRAVIS COUNTY BOND ELECTION",For,,227
253,"TRAVIS COUNTY BOND PROPOSITION, TRAVIS COUNTY BOND ELECTION",Against,,349
253,"TRAVIS COUNTY BOND PROPOSITION, TRAVIS COUNTY BOND ELECTION",For,,271
254,"TRAVIS COUNTY BOND PROPOSITION, TRAVIS COUNTY BOND ELECTION",Against,,252
254,"TRAVIS COUNTY BOND PROPOSITION, TRAVIS COUNTY BOND ELECTION",For,,219
256,"TRAVIS COUNTY BOND PROPOSITION, TRAVIS COUNTY BOND ELECTION",Against,,229
256,"TRAVIS COUNTY BOND PROPOSITION, TRAVIS COUNTY BOND ELECTION",For,,238
258,"TRAVIS COUNTY BOND PROPOSITION, TRAVIS COUNTY BOND ELECTION",Against,,188
258,"TRAVIS COUNTY BOND PROPOSITION, TRAVIS COUNTY BOND ELECTION",For,,151
259,"TRAVIS COUNTY BOND PROPOSITION, TRAVIS COUNTY BOND ELECTION",Against,,214
259,"TRAVIS COUNTY BOND PROPOSITION, TRAVIS COUNTY BOND ELECTION",For,,194
260,"TRAVIS COUNTY BOND PROPOSITION, TRAVIS COUNTY BOND ELECTION",Against,,42
260,"TRAVIS COUNTY BOND PROPOSITION, TRAVIS COUNTY BOND ELECTION",For,,55
262,"TRAVIS COUNTY BOND PROPOSITION, TRAVIS COUNTY BOND ELECTION",Against,,329
262,"TRAVIS COUNTY BOND PROPOSITION, TRAVIS COUNTY BOND ELECTION",For,,370
263,"TRAVIS COUNTY BOND PROPOSITION, TRAVIS COUNTY BOND ELECTION",Against,,189
263,"TRAVIS COUNTY BOND PROPOSITION, TRAVIS COUNTY BOND ELECTION",For,,208
266,"TRAVIS COUNTY BOND PROPOSITION, TRAVIS COUNTY BOND ELECTION",Against,,58
266,"TRAVIS COUNTY BOND PROPOSITION, TRAVIS COUNTY BOND ELECTION",For,,64
267,"TRAVIS COUNTY BOND PROPOSITION, TRAVIS COUNTY BOND ELECTION",Against,,140
267,"TRAVIS COUNTY BOND PROPOSITION, TRAVIS COUNTY BOND ELECTION",For,,95
268,"TRAVIS COUNTY BOND PROPOSITION, TRAVIS COUNTY BOND ELECTION",Against,,69
268,"TRAVIS COUNTY BOND PROPOSITION, TRAVIS COUNTY BOND ELECTION",For,,61
273,"TRAVIS COUNTY BOND PROPOSITION, TRAVIS COUNTY BOND ELECTION",Against,,190
273,"TRAVIS COUNTY BOND PROPOSITION, TRAVIS COUNTY BOND ELECTION",For,,342
274,"TRAVIS COUNTY BOND PROPOSITION, TRAVIS COUNTY BOND ELECTION",Against,,83
274,"TRAVIS COUNTY BOND PROPOSITION, TRAVIS COUNTY BOND ELECTION",For,,171
275,"TRAVIS COUNTY BOND PROPOSITION, TRAVIS COUNTY BOND ELECTION",Against,,120
275,"TRAVIS COUNTY BOND PROPOSITION, TRAVIS COUNTY BOND ELECTION",For,,299
277,"TRAVIS COUNTY BOND PROPOSITION, TRAVIS COUNTY BOND ELECTION",Against,,33
277,"TRAVIS COUNTY BOND PROPOSITION, TRAVIS COUNTY BOND ELECTION",For,,102
301,"TRAVIS COUNTY BOND PROPOSITION, TRAVIS COUNTY BOND ELECTION",Against,,99
301,"TRAVIS COUNTY BOND PROPOSITION, TRAVIS COUNTY BOND ELECTION",For,,98
302,"TRAVIS COUNTY BOND PROPOSITION, TRAVIS COUNTY BOND ELECTION",Against,,299
302,"TRAVIS COUNTY BOND PROPOSITION, TRAVIS COUNTY BOND ELECTION",For,,201
303,"TRAVIS COUNTY BOND PROPOSITION, TRAVIS COUNTY BOND ELECTION",Against,,257
303,"TRAVIS COUNTY BOND PROPOSITION, TRAVIS COUNTY BOND ELECTION",For,,186
304,"TRAVIS COUNTY BOND PROPOSITION, TRAVIS COUNTY BOND ELECTION",Against,,427
304,"TRAVIS COUNTY BOND PROPOSITION, TRAVIS COUNTY BOND ELECTION",For,,327
305,"TRAVIS COUNTY BOND PROPOSITION, TRAVIS COUNTY BOND ELECTION",Against,,2
305,"TRAVIS COUNTY BOND PROPOSITION, TRAVIS COUNTY BOND ELECTION",For,,3
306,"TRAVIS COUNTY BOND PROPOSITION, TRAVIS COUNTY BOND ELECTION",Against,,275
306,"TRAVIS COUNTY BOND PROPOSITION, TRAVIS COUNTY BOND ELECTION",For,,206
307,"TRAVIS COUNTY BOND PROPOSITION, TRAVIS COUNTY BOND ELECTION",Against,,148
307,"TRAVIS COUNTY BOND PROPOSITION, TRAVIS COUNTY BOND ELECTION",For,,155
308,"TRAVIS COUNTY BOND PROPOSITION, TRAVIS COUNTY BOND ELECTION",Against,,442
308,"TRAVIS COUNTY BOND PROPOSITION, TRAVIS COUNTY BOND ELECTION",For,,262
309,"TRAVIS COUNTY BOND PROPOSITION, TRAVIS COUNTY BOND ELECTION",Against,,199
309,"TRAVIS COUNTY BOND PROPOSITION, TRAVIS COUNTY BOND ELECTION",For,,134
310,"TRAVIS COUNTY BOND PROPOSITION, TRAVIS COUNTY BOND ELECTION",Against,,245
310,"TRAVIS COUNTY BOND PROPOSITION, TRAVIS COUNTY BOND ELECTION",For,,221
311,"TRAVIS COUNTY BOND PROPOSITION, TRAVIS COUNTY BOND ELECTION",Against,,89
311,"TRAVIS COUNTY BOND PROPOSITION, TRAVIS COUNTY BOND ELECTION",For,,159
312,"TRAVIS COUNTY BOND PROPOSITION, TRAVIS COUNTY BOND ELECTION",Against,,157
312,"TRAVIS COUNTY BOND PROPOSITION, TRAVIS COUNTY BOND ELECTION",For,,97
313,"TRAVIS COUNTY BOND PROPOSITION, TRAVIS COUNTY BOND ELECTION",Against,,3
313,"TRAVIS COUNTY BOND PROPOSITION, TRAVIS COUNTY BOND ELECTION",For,,13
314,"TRAVIS COUNTY BOND PROPOSITION, TRAVIS COUNTY BOND ELECTION",Against,,354
314,"TRAVIS COUNTY BOND PROPOSITION, TRAVIS COUNTY BOND ELECTION",For,,250
315,"TRAVIS COUNTY BOND PROPOSITION, TRAVIS COUNTY BOND ELECTION",Against,,328
315,"TRAVIS COUNTY BOND PROPOSITION, TRAVIS COUNTY BOND ELECTION",For,,246
316,"TRAVIS COUNTY BOND PROPOSITION, TRAVIS COUNTY BOND ELECTION",Against,,157
316,"TRAVIS COUNTY BOND PROPOSITION, TRAVIS COUNTY BOND ELECTION",For,,92
317,"TRAVIS COUNTY BOND PROPOSITION, TRAVIS COUNTY BOND ELECTION",Against,,221
317,"TRAVIS COUNTY BOND PROPOSITION, TRAVIS COUNTY BOND ELECTION",For,,228
318,"TRAVIS COUNTY BOND PROPOSITION, TRAVIS COUNTY BOND ELECTION",Against,,42
318,"TRAVIS COUNTY BOND PROPOSITION, TRAVIS COUNTY BOND ELECTION",For,,14
319,"TRAVIS COUNTY BOND PROPOSITION, TRAVIS COUNTY BOND ELECTION",Against,,179
319,"TRAVIS COUNTY BOND PROPOSITION, TRAVIS COUNTY BOND ELECTION",For,,114
320,"TRAVIS COUNTY BOND PROPOSITION, TRAVIS COUNTY BOND ELECTION",Against,,198
320,"TRAVIS COUNTY BOND PROPOSITION, TRAVIS COUNTY BOND ELECTION",For,,109
321,"TRAVIS COUNTY BOND PROPOSITION, TRAVIS COUNTY BOND ELECTION",Against,,67
321,"TRAVIS COUNTY BOND PROPOSITION, TRAVIS COUNTY BOND ELECTION",For,,76
323,"TRAVIS COUNTY BOND PROPOSITION, TRAVIS COUNTY BOND ELECTION",Against,,80
323,"TRAVIS COUNTY BOND PROPOSITION, TRAVIS COUNTY BOND ELECTION",For,,110
324,"TRAVIS COUNTY BOND PROPOSITION, TRAVIS COUNTY BOND ELECTION",Against,,309
324,"TRAVIS COUNTY BOND PROPOSITION, TRAVIS COUNTY BOND ELECTION",For,,198
325,"TRAVIS COUNTY BOND PROPOSITION, TRAVIS COUNTY BOND ELECTION",Against,,7
325,"TRAVIS COUNTY BOND PROPOSITION, TRAVIS COUNTY BOND ELECTION",For,,6
326,"TRAVIS COUNTY BOND PROPOSITION, TRAVIS COUNTY BOND ELECTION",Against,,193
326,"TRAVIS COUNTY BOND PROPOSITION, TRAVIS COUNTY BOND ELECTION",For,,145
327,"TRAVIS COUNTY BOND PROPOSITION, TRAVIS COUNTY BOND ELECTION",Against,,352
327,"TRAVIS COUNTY BOND PROPOSITION, TRAVIS COUNTY BOND ELECTION",For,,300
328,"TRAVIS COUNTY BOND PROPOSITION, TRAVIS COUNTY BOND ELECTION",Against,,264
328,"TRAVIS COUNTY BOND PROPOSITION, TRAVIS COUNTY BOND ELECTION",For,,280
329,"TRAVIS COUNTY BOND PROPOSITION, TRAVIS COUNTY BOND ELECTION",Against,,181
329,"TRAVIS COUNTY BOND PROPOSITION, TRAVIS COUNTY BOND ELECTION",For,,186
330,"TRAVIS COUNTY BOND PROPOSITION, TRAVIS COUNTY BOND ELECTION",Against,,226
330,"TRAVIS COUNTY BOND PROPOSITION, TRAVIS COUNTY BOND ELECTION",For,,207
331,"TRAVIS COUNTY BOND PROPOSITION, TRAVIS COUNTY BOND ELECTION",Against,,298
331,"TRAVIS COUNTY BOND PROPOSITION, TRAVIS COUNTY BOND ELECTION",For,,250
332,"TRAVIS COUNTY BOND PROPOSITION, TRAVIS COUNTY BOND ELECTION",Against,,221
332,"TRAVIS COUNTY BOND PROPOSITION, TRAVIS COUNTY BOND ELECTION",For,,283
333,"TRAVIS COUNTY BOND PROPOSITION, TRAVIS COUNTY BOND ELECTION",Against,,259
333,"TRAVIS COUNTY BOND PROPOSITION, TRAVIS COUNTY BOND ELECTION",For,,159
334,"TRAVIS COUNTY BOND PROPOSITION, TRAVIS COUNTY BOND ELECTION",Against,,360
334,"TRAVIS COUNTY BOND PROPOSITION, TRAVIS COUNTY BOND ELECTION",For,,185
335,"TRAVIS COUNTY BOND PROPOSITION, TRAVIS COUNTY BOND ELECTION",Against,,225
335,"TRAVIS COUNTY BOND PROPOSITION, TRAVIS COUNTY BOND ELECTION",For,,141
336,"TRAVIS COUNTY BOND PROPOSITION, TRAVIS COUNTY BOND ELECTION",Against,,230
336,"TRAVIS COUNTY BOND PROPOSITION, TRAVIS COUNTY BOND ELECTION",For,,136
337,"TRAVIS COUNTY BOND PROPOSITION, TRAVIS COUNTY BOND ELECTION",Against,,426
337,"TRAVIS COUNTY BOND PROPOSITION, TRAVIS COUNTY BOND ELECTION",For,,311
338,"TRAVIS COUNTY BOND PROPOSITION, TRAVIS COUNTY BOND ELECTION",Against,,312
338,"TRAVIS COUNTY BOND PROPOSITION, TRAVIS COUNTY BOND ELECTION",For,,311
339,"TRAVIS COUNTY BOND PROPOSITION, TRAVIS COUNTY BOND ELECTION",Against,,158
339,"TRAVIS COUNTY BOND PROPOSITION, TRAVIS COUNTY BOND ELECTION",For,,125
340,"TRAVIS COUNTY BOND PROPOSITION, TRAVIS COUNTY BOND ELECTION",Against,,98
340,"TRAVIS COUNTY BOND PROPOSITION, TRAVIS COUNTY BOND ELECTION",For,,148
341,"TRAVIS COUNTY BOND PROPOSITION, TRAVIS COUNTY BOND ELECTION",Against,,2
341,"TRAVIS COUNTY BOND PROPOSITION, TRAVIS COUNTY BOND ELECTION",For,,0
342,"TRAVIS COUNTY BOND PROPOSITION, TRAVIS COUNTY BOND ELECTION",Against,,355
342,"TRAVIS COUNTY BOND PROPOSITION, TRAVIS COUNTY BOND ELECTION",For,,496
343,"TRAVIS COUNTY BOND PROPOSITION, TRAVIS COUNTY BOND ELECTION",Against,,47
343,"TRAVIS COUNTY BOND PROPOSITION, TRAVIS COUNTY BOND ELECTION",For,,48
344,"TRAVIS COUNTY BOND PROPOSITION, TRAVIS COUNTY BOND ELECTION",Against,,124
344,"TRAVIS COUNTY BOND PROPOSITION, TRAVIS COUNTY BOND ELECTION",For,,152
345,"TRAVIS COUNTY BOND PROPOSITION, TRAVIS COUNTY BOND ELECTION",Against,,0
345,"TRAVIS COUNTY BOND PROPOSITION, TRAVIS COUNTY BOND ELECTION",For,,0
346,"TRAVIS COUNTY BOND PROPOSITION, TRAVIS COUNTY BOND ELECTION",Against,,311
346,"TRAVIS COUNTY BOND PROPOSITION, TRAVIS COUNTY BOND ELECTION",For,,236
347,"TRAVIS COUNTY BOND PROPOSITION, TRAVIS COUNTY BOND ELECTION",Against,,264
347,"TRAVIS COUNTY BOND PROPOSITION, TRAVIS COUNTY BOND ELECTION",For,,264
349,"TRAVIS COUNTY BOND PROPOSITION, TRAVIS COUNTY BOND ELECTION",Against,,319
349,"TRAVIS COUNTY BOND PROPOSITION, TRAVIS COUNTY BOND ELECTION",For,,258
350,"TRAVIS COUNTY BOND PROPOSITION, TRAVIS COUNTY BOND ELECTION",Against,,253
350,"TRAVIS COUNTY BOND PROPOSITION, TRAVIS COUNTY BOND ELECTION",For,,216
351,"TRAVIS COUNTY BOND PROPOSITION, TRAVIS COUNTY BOND ELECTION",Against,,81
351,"TRAVIS COUNTY BOND PROPOSITION, TRAVIS COUNTY BOND ELECTION",For,,85
352,"TRAVIS COUNTY BOND PROPOSITION, TRAVIS COUNTY BOND ELECTION",Against,,206
352,"TRAVIS COUNTY BOND PROPOSITION, TRAVIS COUNTY BOND ELECTION",For,,203
354,"TRAVIS COUNTY BOND PROPOSITION, TRAVIS COUNTY BOND ELECTION",Against,,428
354,"TRAVIS COUNTY BOND PROPOSITION, TRAVIS COUNTY BOND ELECTION",For,,388
356,"TRAVIS COUNTY BOND PROPOSITION, TRAVIS COUNTY BOND ELECTION",Against,,66
356,"TRAVIS COUNTY BOND PROPOSITION, TRAVIS COUNTY BOND ELECTION",For,,88
357,"TRAVIS COUNTY BOND PROPOSITION, TRAVIS COUNTY BOND ELECTION",Against,,64
357,"TRAVIS COUNTY BOND PROPOSITION, TRAVIS COUNTY BOND ELECTION",For,,44
358,"TRAVIS COUNTY BOND PROPOSITION, TRAVIS COUNTY BOND ELECTION",Against,,280
358,"TRAVIS COUNTY BOND PROPOSITION, TRAVIS COUNTY BOND ELECTION",For,,293
359,"TRAVIS COUNTY BOND PROPOSITION, TRAVIS COUNTY BOND ELECTION",Against,,251
359,"TRAVIS COUNTY BOND PROPOSITION, TRAVIS COUNTY BOND ELECTION",For,,170
360,"TRAVIS COUNTY BOND PROPOSITION, TRAVIS COUNTY BOND ELECTION",Against,,312
360,"TRAVIS COUNTY BOND PROPOSITION, TRAVIS COUNTY BOND ELECTION",For,,209
361,"TRAVIS COUNTY BOND PROPOSITION, TRAVIS COUNTY BOND ELECTION",Against,,115
361,"TRAVIS COUNTY BOND PROPOSITION, TRAVIS COUNTY BOND ELECTION",For,,73
362,"TRAVIS COUNTY BOND PROPOSITION, TRAVIS COUNTY BOND ELECTION",Against,,269
362,"TRAVIS COUNTY BOND PROPOSITION, TRAVIS COUNTY BOND ELECTION",For,,235
363,"TRAVIS COUNTY BOND PROPOSITION, TRAVIS COUNTY BOND ELECTION",Against,,183
363,"TRAVIS COUNTY BOND PROPOSITION, TRAVIS COUNTY BOND ELECTION",For,,129
364,"TRAVIS COUNTY BOND PROPOSITION, TRAVIS COUNTY BOND ELECTION",Against,,271
364,"TRAVIS COUNTY BOND PROPOSITION, TRAVIS COUNTY BOND ELECTION",For,,349
365,"TRAVIS COUNTY BOND PROPOSITION, TRAVIS COUNTY BOND ELECTION",Against,,127
365,"TRAVIS COUNTY BOND PROPOSITION, TRAVIS COUNTY BOND ELECTION",For,,80
366,"TRAVIS COUNTY BOND PROPOSITION, TRAVIS COUNTY BOND ELECTION",Against,,396
366,"TRAVIS COUNTY BOND PROPOSITION, TRAVIS COUNTY BOND ELECTION",For,,334
367,"TRAVIS COUNTY BOND PROPOSITION, TRAVIS COUNTY BOND ELECTION",Against,,521
367,"TRAVIS COUNTY BOND PROPOSITION, TRAVIS COUNTY BOND ELECTION",For,,328
368,"TRAVIS COUNTY BOND PROPOSITION, TRAVIS COUNTY BOND ELECTION",Against,,29
368,"TRAVIS COUNTY BOND PROPOSITION, TRAVIS COUNTY BOND ELECTION",For,,13
369,"TRAVIS COUNTY BOND PROPOSITION, TRAVIS COUNTY BOND ELECTION",Against,,195
369,"TRAVIS COUNTY BOND PROPOSITION, TRAVIS COUNTY BOND ELECTION",For,,94
370,"TRAVIS COUNTY BOND PROPOSITION, TRAVIS COUNTY BOND ELECTION",Against,,138
370,"TRAVIS COUNTY BOND PROPOSITION, TRAVIS COUNTY BOND ELECTION",For,,57
371,"TRAVIS COUNTY BOND PROPOSITION, TRAVIS COUNTY BOND ELECTION",Against,,278
371,"TRAVIS COUNTY BOND PROPOSITION, TRAVIS COUNTY BOND ELECTION",For,,149
372,"TRAVIS COUNTY BOND PROPOSITION, TRAVIS COUNTY BOND ELECTION",Against,,206
372,"TRAVIS COUNTY BOND PROPOSITION, TRAVIS COUNTY BOND ELECTION",For,,91
373,"TRAVIS COUNTY BOND PROPOSITION, TRAVIS COUNTY BOND ELECTION",Against,,753
373,"TRAVIS COUNTY BOND PROPOSITION, TRAVIS COUNTY BOND ELECTION",For,,425
374,"TRAVIS COUNTY BOND PROPOSITION, TRAVIS COUNTY BOND ELECTION",Against,,348
374,"TRAVIS COUNTY BOND PROPOSITION, TRAVIS COUNTY BOND ELECTION",For,,243
375,"TRAVIS COUNTY BOND PROPOSITION, TRAVIS COUNTY BOND ELECTION",Against,,160
375,"TRAVIS COUNTY BOND PROPOSITION, TRAVIS COUNTY BOND ELECTION",For,,87
401,"TRAVIS COUNTY BOND PROPOSITION, TRAVIS COUNTY BOND ELECTION",Against,,68
401,"TRAVIS COUNTY BOND PROPOSITION, TRAVIS COUNTY BOND ELECTION",For,,42
402,"TRAVIS COUNTY BOND PROPOSITION, TRAVIS COUNTY BOND ELECTION",Against,,104
402,"TRAVIS COUNTY BOND PROPOSITION, TRAVIS COUNTY BOND ELECTION",For,,52
403,"TRAVIS COUNTY BOND PROPOSITION, TRAVIS COUNTY BOND ELECTION",Against,,55
403,"TRAVIS COUNTY BOND PROPOSITION, TRAVIS COUNTY BOND ELECTION",For,,34
404,"TRAVIS COUNTY BOND PROPOSITION, TRAVIS COUNTY BOND ELECTION",Against,,70
404,"TRAVIS COUNTY BOND PROPOSITION, TRAVIS COUNTY BOND ELECTION",For,,62
405,"TRAVIS COUNTY BOND PROPOSITION, TRAVIS COUNTY BOND ELECTION",Against,,16
405,"TRAVIS COUNTY BOND PROPOSITION, TRAVIS COUNTY BOND ELECTION",For,,4
406,"TRAVIS COUNTY BOND PROPOSITION, TRAVIS COUNTY BOND ELECTION",Against,,264
406,"TRAVIS COUNTY BOND PROPOSITION, TRAVIS COUNTY BOND ELECTION",For,,168
407,"TRAVIS COUNTY BOND PROPOSITION, TRAVIS COUNTY BOND ELECTION",Against,,43
407,"TRAVIS COUNTY BOND PROPOSITION, TRAVIS COUNTY BOND ELECTION",For,,41
408,"TRAVIS COUNTY BOND PROPOSITION, TRAVIS COUNTY BOND ELECTION",Against,,141
408,"TRAVIS COUNTY BOND PROPOSITION, TRAVIS COUNTY BOND ELECTION",For,,124
409,"TRAVIS COUNTY BOND PROPOSITION, TRAVIS COUNTY BOND ELECTION",Against,,79
409,"TRAVIS COUNTY BOND PROPOSITION, TRAVIS COUNTY BOND ELECTION",For,,127
410,"TRAVIS COUNTY BOND PROPOSITION, TRAVIS COUNTY BOND ELECTION",Against,,117
410,"TRAVIS COUNTY BOND PROPOSITION, TRAVIS COUNTY BOND ELECTION",For,,107
411,"TRAVIS COUNTY BOND PROPOSITION, TRAVIS COUNTY BOND ELECTION",Against,,63
411,"TRAVIS COUNTY BOND PROPOSITION, TRAVIS COUNTY BOND ELECTION",For,,49
412,"TRAVIS COUNTY BOND PROPOSITION, TRAVIS COUNTY BOND ELECTION",Against,,5
412,"TRAVIS COUNTY BOND PROPOSITION, TRAVIS COUNTY BOND ELECTION",For,,4
413,"TRAVIS COUNTY BOND PROPOSITION, TRAVIS COUNTY BOND ELECTION",Against,,14
413,"TRAVIS COUNTY BOND PROPOSITION, TRAVIS COUNTY BOND ELECTION",For,,28
414,"TRAVIS COUNTY BOND PROPOSITION, TRAVIS COUNTY BOND ELECTION",Against,,175
414,"TRAVIS COUNTY BOND PROPOSITION, TRAVIS COUNTY BOND ELECTION",For,,129
415,"TRAVIS COUNTY BOND PROPOSITION, TRAVIS COUNTY BOND ELECTION",Against,,60
415,"TRAVIS COUNTY BOND PROPOSITION, TRAVIS COUNTY BOND ELECTION",For,,52
416,"TRAVIS COUNTY BOND PROPOSITION, TRAVIS COUNTY BOND ELECTION",Against,,2
416,"TRAVIS COUNTY BOND PROPOSITION, TRAVIS COUNTY BOND ELECTION",For,,5
417,"TRAVIS COUNTY BOND PROPOSITION, TRAVIS COUNTY BOND ELECTION",Against,,68
417,"TRAVIS COUNTY BOND PROPOSITION, TRAVIS COUNTY BOND ELECTION",For,,46
418,"TRAVIS COUNTY BOND PROPOSITION, TRAVIS COUNTY BOND ELECTION",Against,,1
418,"TRAVIS COUNTY BOND PROPOSITION, TRAVIS COUNTY BOND ELECTION",For,,0
419,"TRAVIS COUNTY BOND PROPOSITION, TRAVIS COUNTY BOND ELECTION",Against,,42
419,"TRAVIS COUNTY BOND PROPOSITION, TRAVIS COUNTY BOND ELECTION",For,,21
420,"TRAVIS COUNTY BOND PROPOSITION, TRAVIS COUNTY BOND ELECTION",Against,,113
420,"TRAVIS COUNTY BOND PROPOSITION, TRAVIS COUNTY BOND ELECTION",For,,148
421,"TRAVIS COUNTY BOND PROPOSITION, TRAVIS COUNTY BOND ELECTION",Against,,134
421,"TRAVIS COUNTY BOND PROPOSITION, TRAVIS COUNTY BOND ELECTION",For,,222
422,"TRAVIS COUNTY BOND PROPOSITION, TRAVIS COUNTY BOND ELECTION",Against,,80
422,"TRAVIS COUNTY BOND PROPOSITION, TRAVIS COUNTY BOND ELECTION",For,,196
423,"TRAVIS COUNTY BOND PROPOSITION, TRAVIS COUNTY BOND ELECTION",Against,,84
423,"TRAVIS COUNTY BOND PROPOSITION, TRAVIS COUNTY BOND ELECTION",For,,92
424,"TRAVIS COUNTY BOND PROPOSITION, TRAVIS COUNTY BOND ELECTION",Against,,87
424,"TRAVIS COUNTY BOND PROPOSITION, TRAVIS COUNTY BOND ELECTION",For,,189
425,"TRAVIS COUNTY BOND PROPOSITION, TRAVIS COUNTY BOND ELECTION",Against,,60
425,"TRAVIS COUNTY BOND PROPOSITION, TRAVIS COUNTY BOND ELECTION",For,,60
426,"TRAVIS COUNTY BOND PROPOSITION, TRAVIS COUNTY BOND ELECTION",Against,,65
426,"TRAVIS COUNTY BOND PROPOSITION, TRAVIS COUNTY BOND ELECTION",For,,112
427,"TRAVIS COUNTY BOND PROPOSITION, TRAVIS COUNTY BOND ELECTION",Against,,61
427,"TRAVIS COUNTY BOND PROPOSITION, TRAVIS COUNTY BOND ELECTION",For,,85
428,"TRAVIS COUNTY BOND PROPOSITION, TRAVIS COUNTY BOND ELECTION",Against,,83
428,"TRAVIS COUNTY BOND PROPOSITION, TRAVIS COUNTY BOND ELECTION",For,,95
429,"TRAVIS COUNTY BOND PROPOSITION, TRAVIS COUNTY BOND ELECTION",Against,,85
429,"TRAVIS COUNTY BOND PROPOSITION, TRAVIS COUNTY BOND ELECTION",For,,179
430,"TRAVIS COUNTY BOND PROPOSITION, TRAVIS COUNTY BOND ELECTION",Against,,22
430,"TRAVIS COUNTY BOND PROPOSITION, TRAVIS COUNTY BOND ELECTION",For,,71
431,"TRAVIS COUNTY BOND PROPOSITION, TRAVIS COUNTY BOND ELECTION",Against,,122
431,"TRAVIS COUNTY BOND PROPOSITION, TRAVIS COUNTY BOND ELECTION",For,,190
432,"TRAVIS COUNTY BOND PROPOSITION, TRAVIS COUNTY BOND ELECTION",Against,,0
432,"TRAVIS COUNTY BOND PROPOSITION, TRAVIS COUNTY BOND ELECTION",For,,0
433,"TRAVIS COUNTY BOND PROPOSITION, TRAVIS COUNTY BOND ELECTION",Against,,89
433,"TRAVIS COUNTY BOND PROPOSITION, TRAVIS COUNTY BOND ELECTION",For,,135
434,"TRAVIS COUNTY BOND PROPOSITION, TRAVIS COUNTY BOND ELECTION",Against,,1
434,"TRAVIS COUNTY BOND PROPOSITION, TRAVIS COUNTY BOND ELECTION",For,,0
435,"TRAVIS COUNTY BOND PROPOSITION, TRAVIS COUNTY BOND ELECTION",Against,,315
435,"TRAVIS COUNTY BOND PROPOSITION, TRAVIS COUNTY BOND ELECTION",For,,290
436,"TRAVIS COUNTY BOND PROPOSITION, TRAVIS COUNTY BOND ELECTION",Against,,10
436,"TRAVIS COUNTY BOND PROPOSITION, TRAVIS COUNTY BOND ELECTION",For,,11
437,"TRAVIS COUNTY BOND PROPOSITION, TRAVIS COUNTY BOND ELECTION",Against,,126
437,"TRAVIS COUNTY BOND PROPOSITION, TRAVIS COUNTY BOND ELECTION",For,,191
438,"TRAVIS COUNTY BOND PROPOSITION, TRAVIS COUNTY BOND ELECTION",Against,,41
438,"TRAVIS COUNTY BOND PROPOSITION, TRAVIS COUNTY BOND ELECTION",For,,76
439,"TRAVIS COUNTY BOND PROPOSITION, TRAVIS COUNTY BOND ELECTION",Against,,79
439,"TRAVIS COUNTY BOND PROPOSITION, TRAVIS COUNTY BOND ELECTION",For,,154
440,"TRAVIS COUNTY BOND PROPOSITION, TRAVIS COUNTY BOND ELECTION",Against,,23
440,"TRAVIS COUNTY BOND PROPOSITION, TRAVIS COUNTY BOND ELECTION",For,,53
441,"TRAVIS COUNTY BOND PROPOSITION, TRAVIS COUNTY BOND ELECTION",Against,,155
441,"TRAVIS COUNTY BOND PROPOSITION, TRAVIS COUNTY BOND ELECTION",For,,186
442,"TRAVIS COUNTY BOND PROPOSITION, TRAVIS COUNTY BOND ELECTION",Against,,30
442,"TRAVIS COUNTY BOND PROPOSITION, TRAVIS COUNTY BOND ELECTION",For,,62
443,"TRAVIS COUNTY BOND PROPOSITION, TRAVIS COUNTY BOND ELECTION",Against,,91
443,"TRAVIS COUNTY BOND PROPOSITION, TRAVIS COUNTY BOND ELECTION",For,,94
444,"TRAVIS COUNTY BOND PROPOSITION, TRAVIS COUNTY BOND ELECTION",Against,,3
444,"TRAVIS COUNTY BOND PROPOSITION, TRAVIS COUNTY BOND ELECTION",For,,1
446,"TRAVIS COUNTY BOND PROPOSITION, TRAVIS COUNTY BOND ELECTION",Against,,58
446,"TRAVIS COUNTY BOND PROPOSITION, TRAVIS COUNTY BOND ELECTION",For,,70
447,"TRAVIS COUNTY BOND PROPOSITION, TRAVIS COUNTY BOND ELECTION",Against,,142
447,"TRAVIS COUNTY BOND PROPOSITION, TRAVIS COUNTY BOND ELECTION",For,,169
448,"TRAVIS COUNTY BOND PROPOSITION, TRAVIS COUNTY BOND ELECTION",Against,,64
448,"TRAVIS COUNTY BOND PROPOSITION, TRAVIS COUNTY BOND ELECTION",For,,78
450,"TRAVIS COUNTY BOND PROPOSITION, TRAVIS COUNTY BOND ELECTION",Against,,118
450,"TRAVIS COUNTY BOND PROPOSITION, TRAVIS COUNTY BOND ELECTION",For,,107
451,"TRAVIS COUNTY BOND PROPOSITION, TRAVIS COUNTY BOND ELECTION",Against,,125
451,"TRAVIS COUNTY BOND PROPOSITION, TRAVIS COUNTY BOND ELECTION",For,,127
452,"TRAVIS COUNTY BOND PROPOSITION, TRAVIS COUNTY BOND ELECTION",Against,,53
452,"TRAVIS COUNTY BOND PROPOSITION, TRAVIS COUNTY BOND ELECTION",For,,48
454,"TRAVIS COUNTY BOND PROPOSITION, TRAVIS COUNTY BOND ELECTION",Against,,169
454,"TRAVIS COUNTY BOND PROPOSITION, TRAVIS COUNTY BOND ELECTION",For,,195
458,"TRAVIS COUNTY BOND PROPOSITION, TRAVIS COUNTY BOND ELECTION",Against,,217
458,"TRAVIS COUNTY BOND PROPOSITION, TRAVIS COUNTY BOND ELECTION",For,,190
460,"TRAVIS COUNTY BOND PROPOSITION, TRAVIS COUNTY BOND ELECTION",Against,,196
460,"TRAVIS COUNTY BOND PROPOSITION, TRAVIS COUNTY BOND ELECTION",For,,265
461,"TRAVIS COUNTY BOND PROPOSITION, TRAVIS COUNTY BOND ELECTION",Against,,133
461,"TRAVIS COUNTY BOND PROPOSITION, TRAVIS COUNTY BOND ELECTION",For,,235
463,"TRAVIS COUNTY BOND PROPOSITION, TRAVIS COUNTY BOND ELECTION",Against,,152
463,"TRAVIS COUNTY BOND PROPOSITION, TRAVIS COUNTY BOND ELECTION",For,,142